age,sex,cell_type,n_actual_hf_cells,n_top100_degs,n_seeds,R2_all_HVGs,R2_top100_DEGs,r2_all_hvgs_mean,r2_all_hvgs_sd,r2_top100_degs_mean,r2_top100_degs_sd,r2_all_seed0,r2_deg_seed0,r2_all_seed1,r2_deg_seed1,r2_all_seed2,r2_deg_seed2,r2_all_seed3,r2_deg_seed3,r2_all_seed4,r2_deg_seed4
8W,M,Fibroblasts_Bmper+_Nrxn1+,510,100,5,0.968 ± 0.009,0.950 ± 0.016,0.9683,0.0087,0.9502,0.0156,0.9668,0.956,0.9666,0.9454,0.9801,0.9731,0.9562,0.9308,0.972,0.9457
8W,M,ECs_Cap,404,100,5,0.967 ± 0.004,0.967 ± 0.019,0.9671,0.0041,0.9672,0.0188,0.9699,0.9818,0.9652,0.9713,0.9633,0.9365,0.9728,0.9823,0.9641,0.9641
8W,M,Fibroblasts_Bmper+,199,100,5,0.967 ± 0.007,0.959 ± 0.013,0.9668,0.0066,0.9592,0.0133,0.9572,0.9388,0.9702,0.9633,0.9625,0.9539,0.9721,0.9723,0.9719,0.9678
8W,M,Adipocytes_2,324,100,5,0.951 ± 0.032,0.931 ± 0.058,0.9508,0.0317,0.9315,0.0577,0.9534,0.9327,0.9657,0.9621,0.9676,0.9527,0.972,0.9776,0.8955,0.8325
8W,M,Pericytes,426,100,5,0.950 ± 0.016,0.939 ± 0.040,0.9496,0.0163,0.9386,0.0395,0.9315,0.8769,0.9517,0.9592,0.9381,0.9259,0.9739,0.9796,0.9529,0.9514
8W,M,Fibroblasts_Pi16+,208,100,5,0.948 ± 0.006,0.947 ± 0.008,0.9475,0.0065,0.9468,0.0082,0.9531,0.9528,0.9544,0.9536,0.941,0.9495,0.9407,0.9336,0.9485,0.9445
8W,M,ECs_Lymph_Piezo2+,81,100,5,0.936 ± 0.027,0.918 ± 0.059,0.9358,0.0274,0.9176,0.0586,0.9594,0.9599,0.8985,0.8728,0.9573,0.9624,0.9486,0.956,0.915,0.8371
8W,M,Adipocytes_3,242,100,5,0.934 ± 0.019,0.941 ± 0.017,0.9339,0.0191,0.941,0.0166,0.907,0.9271,0.9477,0.9686,0.9451,0.9362,0.9493,0.9434,0.9203,0.9299
8W,M,ECs_Artery,152,100,5,0.930 ± 0.021,0.865 ± 0.045,0.9299,0.0211,0.865,0.0448,0.9094,0.8279,0.915,0.8184,0.9604,0.9275,0.9223,0.8623,0.9423,0.8889
8W,M,ECs_Venous_Fbn1+,107,100,5,0.924 ± 0.022,0.904 ± 0.036,0.9242,0.0221,0.9037,0.0356,0.9512,0.9452,0.9415,0.9384,0.9004,0.8666,0.9052,0.8827,0.9228,0.8857
8W,M,Macrophages_M2,94,100,5,0.922 ± 0.007,0.945 ± 0.014,0.9217,0.0073,0.9449,0.014,0.9301,0.9543,0.9219,0.9498,0.91,0.9201,0.9219,0.9511,0.9245,0.9491
8W,M,T_Cells,101,100,5,0.917 ± 0.037,0.961 ± 0.023,0.917,0.0367,0.9608,0.0227,0.9424,0.9629,0.9393,0.9692,0.9376,0.9747,0.8556,0.9213,0.9101,0.9759
8W,M,ECs_Lymph,98,100,5,0.902 ± 0.046,0.920 ± 0.033,0.9023,0.0456,0.9198,0.0327,0.9233,0.9088,0.9271,0.9079,0.8856,0.9191,0.8305,0.8883,0.9451,0.9747
8W,M,Fibroblasts_Pi16++,160,100,5,0.897 ± 0.016,0.913 ± 0.020,0.8968,0.0163,0.9132,0.0198,0.8994,0.9223,0.8923,0.9028,0.8809,0.8994,0.8881,0.8975,0.9235,0.9439
8W,M,Macrophages_M2_F13a1+,73,100,5,0.889 ± 0.010,0.891 ± 0.014,0.8895,0.0102,0.8914,0.0144,0.8899,0.8986,0.8795,0.879,0.9066,0.9131,0.8854,0.88,0.8863,0.8863
8W,M,Macrophages_M1_Cd80+,95,100,5,0.882 ± 0.051,0.931 ± 0.040,0.882,0.0511,0.9307,0.0398,0.8988,0.928,0.9333,0.9805,0.8997,0.9522,0.797,0.8737,0.8812,0.9192
8W,M,ECs_Venous,31,100,5,0.859 ± 0.009,0.875 ± 0.032,0.8586,0.0095,0.8745,0.0319,0.8702,0.9163,0.8641,0.887,0.8579,0.8844,0.845,0.8418,0.8558,0.8429
8W,M,Neutrophils,60,100,5,0.840 ± 0.089,0.872 ± 0.096,0.8404,0.0889,0.8719,0.0961,0.8761,0.9115,0.7015,0.7264,0.9319,0.9647,0.8102,0.8259,0.8823,0.931
8W,M,Adipocytes_Brown,5863,100,5,0.803 ± 0.030,0.880 ± 0.034,0.8031,0.0304,0.8797,0.0344,0.7802,0.8395,0.7739,0.8511,0.8313,0.9246,0.84,0.8906,0.7903,0.8925
8W,M,T_Regs,14,100,5,0.803 ± 0.009,0.859 ± 0.013,0.8026,0.0093,0.8585,0.0125,0.7965,0.8602,0.8149,0.8483,0.8037,0.8433,0.807,0.8694,0.7909,0.8714
8W,M,B_Cells_Naive,62,100,5,0.725 ± 0.113,0.774 ± 0.106,0.725,0.1133,0.7741,0.106,0.6809,0.7108,0.6927,0.727,0.8719,0.935,0.5797,0.673,0.8,0.8249
8W,M,Mesothelial_Cells,193,100,5,0.700 ± 0.252,0.686 ± 0.176,0.7001,0.2524,0.6865,0.1759,0.8906,0.7961,0.5494,0.5644,0.3382,0.4685,0.9415,0.9083,0.7806,0.6951
8W,M,NK_Cells,25,100,5,0.658 ± 0.101,0.565 ± 0.149,0.6584,0.1012,0.5648,0.1493,0.8369,0.8281,0.6308,0.5175,0.5879,0.4563,0.6257,0.5063,0.6106,0.5158
8W,M,Dendritic_Cells,14,100,5,0.461 ± 0.008,0.208 ± 0.021,0.4606,0.0083,0.2076,0.0208,0.4474,0.1765,0.4679,0.2141,0.4584,0.2143,0.4666,0.2327,0.4627,0.2003
8W,M,SMCs,8,100,5,0.437 ± 0.032,0.341 ± 0.012,0.4372,0.0319,0.3409,0.012,0.4866,0.3559,0.4404,0.3419,0.4162,0.3489,0.403,0.3301,0.4397,0.3279
8W,M,Neuronal_Cells,22,100,5,0.391 ± 0.021,0.652 ± 0.021,0.3914,0.021,0.6524,0.0212,0.3887,0.6699,0.4077,0.6761,0.358,0.6327,0.392,0.6293,0.4107,0.6541
8W,M,Monocytes,4,100,5,0.296 ± 0.010,0.310 ± 0.028,0.2965,0.0096,0.3099,0.0281,0.2864,0.3126,0.3085,0.3376,0.2869,0.2638,0.3006,0.3096,0.3001,0.3259
8W,F,ECs_Cap,541,100,5,0.963 ± 0.006,0.972 ± 0.015,0.9631,0.0064,0.972,0.0153,0.9621,0.9777,0.972,0.9766,0.9615,0.9805,0.9543,0.9448,0.9655,0.9805
8W,F,Fibroblasts_Bmper+,163,100,5,0.956 ± 0.007,0.914 ± 0.028,0.9563,0.0068,0.9141,0.0275,0.9636,0.9476,0.9548,0.9127,0.9458,0.8713,0.9572,0.9187,0.9603,0.9204
8W,F,Fibroblasts_Bmper+_Nrxn1+,469,100,5,0.948 ± 0.012,0.916 ± 0.029,0.948,0.0124,0.916,0.0288,0.962,0.9448,0.945,0.9081,0.9462,0.9404,0.9298,0.8733,0.9569,0.9133
8W,F,Adipocytes_2,156,100,5,0.948 ± 0.019,0.929 ± 0.021,0.9479,0.0186,0.9294,0.0206,0.9514,0.9318,0.9622,0.942,0.9623,0.9445,0.9468,0.9349,0.917,0.8936
8W,F,Fibroblasts_Pi16+,215,100,5,0.932 ± 0.015,0.916 ± 0.020,0.932,0.0146,0.916,0.0196,0.941,0.938,0.9488,0.9315,0.9292,0.9137,0.9309,0.9079,0.9101,0.8888
8W,F,ECs_Artery,147,100,5,0.924 ± 0.032,0.942 ± 0.024,0.9236,0.0321,0.9423,0.0239,0.9414,0.949,0.9433,0.9561,0.8736,0.9185,0.9094,0.9167,0.9503,0.971
8W,F,Macrophages_M2,73,100,5,0.914 ± 0.011,0.856 ± 0.030,0.9138,0.0112,0.8561,0.0299,0.9281,0.9006,0.9065,0.86,0.9224,0.8534,0.9109,0.8495,0.9012,0.8169
8W,F,Adipocytes_3,161,100,5,0.903 ± 0.021,0.878 ± 0.042,0.9033,0.0208,0.8782,0.0424,0.9274,0.9268,0.9057,0.8582,0.9157,0.919,0.8731,0.8301,0.8944,0.8567
8W,F,T_Cells,153,100,5,0.901 ± 0.012,0.908 ± 0.012,0.901,0.0116,0.9076,0.0118,0.9024,0.8975,0.9062,0.8937,0.8882,0.9153,0.9169,0.9215,0.8914,0.91
8W,F,Fibroblasts_Pi16++,129,100,5,0.890 ± 0.035,0.899 ± 0.037,0.89,0.0347,0.8989,0.0369,0.8557,0.8706,0.8572,0.8609,0.9311,0.9519,0.8865,0.8931,0.9194,0.918
8W,F,Adipocytes_Brown,5758,100,5,0.878 ± 0.021,0.891 ± 0.027,0.8778,0.0208,0.8907,0.0274,0.8725,0.8454,0.8746,0.9025,0.848,0.8862,0.9027,0.9041,0.8913,0.9153
8W,F,Macrophages_M2_F13a1+,100,100,5,0.878 ± 0.025,0.929 ± 0.029,0.8776,0.0255,0.9287,0.029,0.8366,0.8812,0.8701,0.9251,0.889,0.939,0.9014,0.9577,0.8907,0.9407
8W,F,ECs_Venous_Fbn1+,94,100,5,0.873 ± 0.043,0.731 ± 0.146,0.8727,0.0435,0.7308,0.1459,0.8897,0.7751,0.8716,0.7311,0.8038,0.5104,0.9228,0.9165,0.8755,0.7209
8W,F,ECs_Venous,44,100,5,0.866 ± 0.007,0.825 ± 0.019,0.8656,0.0069,0.825,0.0186,0.8684,0.8486,0.8619,0.816,0.8748,0.8371,0.8665,0.823,0.8565,0.8005
8W,F,ECs_Lymph_Piezo2+,89,100,5,0.850 ± 0.039,0.775 ± 0.069,0.8496,0.0389,0.7752,0.0694,0.8744,0.8231,0.814,0.6919,0.8029,0.7346,0.8648,0.7608,0.8917,0.8656
8W,F,T_Regs,27,100,5,0.835 ± 0.022,0.752 ± 0.058,0.8353,0.0218,0.7521,0.0583,0.8121,0.6862,0.8454,0.7678,0.846,0.8057,0.8124,0.6951,0.8604,0.8059
8W,F,ECs_Lymph,51,100,5,0.819 ± 0.021,0.841 ± 0.035,0.8189,0.0213,0.8405,0.0345,0.8015,0.8174,0.8243,0.8607,0.7965,0.7925,0.8502,0.8766,0.8219,0.8553
8W,F,Macrophages_M1_Cd80+,34,100,5,0.717 ± 0.021,0.739 ± 0.062,0.7171,0.0213,0.7387,0.0625,0.7121,0.7624,0.7405,0.8009,0.7365,0.7805,0.7068,0.6491,0.6896,0.7007
8W,F,B_Cells_Naive,47,100,5,0.637 ± 0.093,0.604 ± 0.097,0.6367,0.0932,0.6041,0.0968,0.7955,0.7604,0.5941,0.582,0.5709,0.6026,0.6441,0.5812,0.579,0.4944
8W,F,Dendritic_Cells,18,100,5,0.601 ± 0.026,0.669 ± 0.020,0.6009,0.0257,0.6692,0.0204,0.6079,0.6862,0.5639,0.6484,0.6173,0.68,0.6285,0.6859,0.5867,0.6457
8W,F,NK_Cells,28,100,5,0.597 ± 0.110,0.459 ± 0.162,0.5965,0.1103,0.4587,0.1618,0.5923,0.3797,0.4727,0.2971,0.5038,0.3598,0.7209,0.6779,0.6927,0.579
8W,F,Mesothelial_Cells,375,100,5,0.565 ± 0.166,0.483 ± 0.198,0.5652,0.1656,0.483,0.1982,0.5924,0.4373,0.6314,0.6811,0.2742,0.1682,0.6505,0.6065,0.6776,0.5217
8W,F,Pericytes,211,100,5,0.525 ± 0.269,0.440 ± 0.267,0.5246,0.2689,0.4402,0.2672,0.351,0.2342,0.8272,0.7757,0.4852,0.4734,0.1951,0.1177,0.7644,0.6001
8W,F,Neutrophils,18,100,5,0.488 ± 0.053,0.326 ± 0.069,0.4883,0.0534,0.3261,0.0691,0.5794,0.4463,0.4889,0.3226,0.4527,0.2822,0.4722,0.2833,0.4485,0.2962
8W,F,SMCs,11,100,5,0.439 ± 0.119,0.478 ± 0.151,0.4392,0.1191,0.4776,0.1508,0.4294,0.4404,0.4813,0.5239,0.6144,0.7153,0.2988,0.338,0.3723,0.3706
8W,F,Monocytes,1,0,5,0.205 ± 0.004,,0.2048,0.0042,,,0.1995,,0.2077,,0.201,,0.2086,,0.2073,
8W,F,Neuronal_Cells,7,100,5,0.198 ± 0.032,0.101 ± 0.046,0.1978,0.0323,0.1007,0.0464,0.1497,0.0541,0.236,0.1646,0.2083,0.1321,0.2099,0.0864,0.1853,0.0664
8W,Both,ECs_Cap,945,100,5,0.978 ± 0.006,0.982 ± 0.009,0.9778,0.0058,0.9819,0.0087,0.9821,0.9875,0.9765,0.9832,0.9685,0.9674,0.9829,0.9815,0.9792,0.9897
8W,Both,Fibroblasts_Bmper+,362,100,5,0.975 ± 0.004,0.968 ± 0.011,0.9752,0.004,0.9677,0.0106,0.9731,0.9608,0.9774,0.9742,0.9797,0.9761,0.9695,0.9525,0.9761,0.9751
8W,Both,Adipocytes_2,480,100,5,0.974 ± 0.010,0.966 ± 0.016,0.9742,0.0099,0.9663,0.0157,0.9808,0.978,0.9739,0.9707,0.9578,0.9425,0.9832,0.9808,0.9754,0.9593
8W,Both,Fibroblasts_Bmper+_Nrxn1+,979,100,5,0.972 ± 0.008,0.947 ± 0.018,0.9724,0.0076,0.9468,0.0183,0.975,0.9643,0.9759,0.9531,0.961,0.9304,0.9809,0.9616,0.9693,0.9244
8W,Both,ECs_Artery,299,100,5,0.966 ± 0.009,0.946 ± 0.022,0.9664,0.0089,0.946,0.022,0.9742,0.9657,0.9659,0.9229,0.9521,0.9278,0.9736,0.9719,0.9663,0.9418
8W,Both,Fibroblasts_Pi16+,423,100,5,0.958 ± 0.015,0.952 ± 0.034,0.9582,0.0151,0.9521,0.0335,0.9737,0.976,0.9617,0.9592,0.9329,0.8931,0.9619,0.9643,0.9606,0.9679
8W,Both,ECs_Venous_Fbn1+,201,100,5,0.957 ± 0.012,0.930 ± 0.019,0.9568,0.0123,0.9302,0.0192,0.9505,0.9123,0.954,0.9381,0.9667,0.9345,0.9717,0.956,0.9413,0.9101
8W,Both,T_Cells,254,100,5,0.954 ± 0.004,0.971 ± 0.006,0.9543,0.0041,0.9705,0.0057,0.9583,0.9769,0.9498,0.9724,0.9577,0.9625,0.9501,0.9737,0.9557,0.967
8W,Both,Macrophages_M2,167,100,5,0.947 ± 0.010,0.953 ± 0.016,0.947,0.0101,0.9531,0.0164,0.9465,0.9423,0.9546,0.9575,0.9303,0.9305,0.9479,0.9702,0.9556,0.965
8W,Both,Fibroblasts_Pi16++,289,100,5,0.945 ± 0.029,0.936 ± 0.055,0.9449,0.0292,0.9362,0.0547,0.9704,0.9743,0.9653,0.9791,0.8966,0.8435,0.9492,0.9381,0.9429,0.9458
8W,Both,Adipocytes_3,403,100,5,0.944 ± 0.037,0.937 ± 0.054,0.9444,0.0375,0.9369,0.054,0.9635,0.9673,0.9639,0.9654,0.9428,0.9265,0.8801,0.8469,0.9717,0.9782
8W,Both,ECs_Lymph,149,100,5,0.931 ± 0.021,0.940 ± 0.053,0.9312,0.0213,0.9399,0.0533,0.8962,0.847,0.9373,0.9556,0.9464,0.9748,0.9488,0.9746,0.9274,0.9474
8W,Both,ECs_Venous,75,100,5,0.930 ± 0.017,0.919 ± 0.021,0.9298,0.0169,0.9192,0.0212,0.9166,0.914,0.9393,0.9194,0.9159,0.8927,0.9223,0.918,0.955,0.9519
8W,Both,Macrophages_M2_F13a1+,173,100,5,0.926 ± 0.027,0.919 ± 0.067,0.9258,0.0273,0.9187,0.0673,0.9385,0.942,0.9326,0.9449,0.9335,0.9547,0.8779,0.7987,0.9465,0.9532
8W,Both,Neutrophils,78,100,5,0.912 ± 0.043,0.904 ± 0.058,0.9116,0.0426,0.9043,0.058,0.9281,0.9273,0.9216,0.9155,0.9219,0.8911,0.9485,0.9727,0.8379,0.8151
8W,Both,T_Regs,41,100,5,0.911 ± 0.004,0.876 ± 0.011,0.9112,0.0039,0.8762,0.0109,0.9045,0.8589,0.9122,0.8827,0.9131,0.8878,0.9115,0.8766,0.9146,0.8752
8W,Both,B_Cells_Naive,109,100,5,0.885 ± 0.031,0.877 ± 0.065,0.885,0.0309,0.8766,0.0649,0.8912,0.9268,0.9006,0.9069,0.8388,0.7788,0.9207,0.9283,0.8738,0.8424
8W,Both,Mesothelial_Cells,568,100,5,0.875 ± 0.052,0.828 ± 0.060,0.8754,0.0516,0.8284,0.0597,0.9227,0.8846,0.8783,0.811,0.8851,0.8383,0.9025,0.873,0.7884,0.735
8W,Both,Macrophages_M1_Cd80+,129,100,5,0.858 ± 0.132,0.836 ± 0.239,0.858,0.1323,0.8356,0.2393,0.9319,0.9585,0.9302,0.9588,0.6241,0.4087,0.9212,0.9367,0.8826,0.9155
8W,Both,ECs_Lymph_Piezo2+,170,100,5,0.846 ± 0.196,0.764 ± 0.311,0.8459,0.1955,0.7639,0.3112,0.8963,0.8535,0.4987,0.2144,0.9515,0.9481,0.9278,0.8489,0.9553,0.9546
8W,Both,Pericytes,637,100,5,0.827 ± 0.192,0.687 ± 0.380,0.8267,0.1919,0.6871,0.3803,0.5506,0.0573,0.9614,0.921,0.9655,0.9445,0.6983,0.5962,0.9579,0.9167
8W,Both,NK_Cells,53,100,5,0.799 ± 0.058,0.715 ± 0.053,0.7992,0.058,0.7153,0.0532,0.7152,0.6437,0.7776,0.6997,0.8341,0.7531,0.8014,0.6994,0.8678,0.7807
8W,Both,Adipocytes_Brown,11621,100,5,0.781 ± 0.045,0.793 ± 0.091,0.7809,0.0449,0.7927,0.0915,0.7597,0.7345,0.7792,0.7657,0.8585,0.9547,0.7605,0.7643,0.7466,0.7442
8W,Both,SMCs,19,100,5,0.764 ± 0.060,0.741 ± 0.106,0.764,0.0602,0.741,0.1062,0.7063,0.6618,0.8141,0.8471,0.6945,0.5999,0.8231,0.8225,0.7821,0.7735
8W,Both,Dendritic_Cells,32,100,5,0.627 ± 0.023,0.624 ± 0.030,0.6271,0.0233,0.624,0.0304,0.6528,0.6472,0.5944,0.5777,0.6127,0.608,0.6368,0.6411,0.6387,0.6458
8W,Both,Neuronal_Cells,29,100,5,0.416 ± 0.034,0.561 ± 0.065,0.4163,0.0337,0.5614,0.0647,0.4513,0.6145,0.3663,0.4711,0.3993,0.5227,0.4321,0.6257,0.4327,0.5728
8W,Both,Monocytes,5,100,5,0.402 ± 0.013,0.307 ± 0.039,0.4022,0.0135,0.3073,0.0387,0.4009,0.2595,0.4032,0.2919,0.3909,0.2909,0.4243,0.3496,0.3917,0.3447
24W,M,Fibroblasts_Bmper+_Nrxn1+,428,100,5,0.967 ± 0.004,0.922 ± 0.011,0.9668,0.004,0.922,0.0115,0.9667,0.9265,0.966,0.9112,0.968,0.9218,0.9611,0.9116,0.9722,0.9389
24W,M,ECs_Cap,1514,100,5,0.964 ± 0.013,0.935 ± 0.017,0.9643,0.0131,0.9353,0.0166,0.9751,0.9406,0.9706,0.9432,0.9674,0.9412,0.9665,0.9458,0.9417,0.9058
24W,M,Fibroblasts_Bmper+,177,100,5,0.963 ± 0.006,0.947 ± 0.017,0.9629,0.0061,0.9466,0.0172,0.9668,0.9634,0.969,0.9525,0.9662,0.9499,0.9566,0.9497,0.956,0.9174
24W,M,Adipocytes_3,1286,100,5,0.938 ± 0.027,0.916 ± 0.040,0.9384,0.0266,0.9163,0.0395,0.9392,0.9022,0.9732,0.9766,0.9507,0.9251,0.9272,0.9089,0.9017,0.8687
24W,M,Fibroblasts_Pi16++,140,100,5,0.935 ± 0.015,0.910 ± 0.046,0.9352,0.0149,0.9102,0.0461,0.9477,0.9353,0.9533,0.9632,0.9177,0.8464,0.9312,0.8819,0.9261,0.9243
24W,M,Fibroblasts_Pi16+,185,100,5,0.934 ± 0.013,0.922 ± 0.017,0.9343,0.0133,0.922,0.0169,0.9403,0.9386,0.9199,0.9081,0.9207,0.9024,0.9411,0.9221,0.9496,0.9389
24W,M,ECs_Venous,149,100,5,0.933 ± 0.052,0.856 ± 0.094,0.933,0.0518,0.8564,0.0939,0.9539,0.8596,0.9667,0.9508,0.8421,0.6997,0.9618,0.8907,0.9406,0.8811
24W,M,Macrophages_M2,122,100,5,0.926 ± 0.006,0.934 ± 0.010,0.9259,0.0058,0.9345,0.0096,0.932,0.9406,0.9175,0.9184,0.9264,0.9428,0.9234,0.9361,0.9303,0.9345
24W,M,Adipocytes_2,429,100,5,0.922 ± 0.016,0.927 ± 0.026,0.9221,0.016,0.9274,0.026,0.899,0.8847,0.9203,0.9233,0.9171,0.9426,0.9338,0.9511,0.9402,0.9355
24W,M,Macrophages_M2_F13a1+,98,100,5,0.916 ± 0.022,0.915 ± 0.032,0.9163,0.0219,0.9148,0.0317,0.8859,0.8813,0.9372,0.9531,0.9039,0.8982,0.9363,0.9441,0.9182,0.8974
24W,M,T_Cells,61,100,5,0.883 ± 0.026,0.879 ± 0.047,0.8828,0.0256,0.8793,0.0469,0.9124,0.9281,0.8426,0.8014,0.8945,0.8931,0.8817,0.8836,0.883,0.8905
24W,M,NK_Cells,66,100,5,0.876 ± 0.014,0.866 ± 0.029,0.8758,0.0143,0.8661,0.0293,0.8817,0.8841,0.8745,0.8389,0.8913,0.9018,0.8788,0.8723,0.8527,0.8335
24W,M,ECs_Lymph,58,100,5,0.864 ± 0.024,0.843 ± 0.033,0.8637,0.0242,0.8433,0.0328,0.8823,0.8709,0.8253,0.7919,0.8796,0.8727,0.854,0.8366,0.8771,0.8444
24W,M,Pericytes,384,100,5,0.855 ± 0.081,0.712 ± 0.197,0.8548,0.0811,0.7118,0.1965,0.727,0.4098,0.9434,0.9182,0.8366,0.6354,0.8927,0.7929,0.8742,0.8028
24W,M,ECs_Venous_Fbn1+,143,100,5,0.831 ± 0.218,0.801 ± 0.223,0.8306,0.2184,0.8008,0.2229,0.9197,0.9135,0.884,0.764,0.9473,0.9407,0.4433,0.4265,0.9587,0.9591
24W,M,T_Regs,10,100,5,0.770 ± 0.009,0.784 ± 0.010,0.7696,0.0092,0.784,0.0098,0.7746,0.7884,0.7538,0.7729,0.7706,0.774,0.772,0.7938,0.777,0.791
24W,M,Macrophages_M1_Cd80+,46,100,5,0.749 ± 0.108,0.812 ± 0.061,0.7487,0.1081,0.8118,0.0608,0.7792,0.8385,0.5622,0.7224,0.8121,0.8538,0.7582,0.7769,0.8319,0.8676
24W,M,ECs_Artery,471,100,5,0.747 ± 0.230,0.545 ± 0.287,0.7466,0.2299,0.5446,0.287,0.9242,0.8008,0.8115,0.5442,0.392,0.2866,0.6549,0.2316,0.9502,0.8599
24W,M,ECs_Lymph_Piezo2+,73,100,5,0.737 ± 0.144,0.700 ± 0.208,0.7367,0.1445,0.7003,0.2081,0.5988,0.651,0.7361,0.7678,0.8751,0.8521,0.8873,0.8691,0.5861,0.3616
24W,M,Mesothelial_Cells,152,100,5,0.705 ± 0.285,0.600 ± 0.281,0.7046,0.2846,0.5997,0.2813,0.887,0.7716,0.7519,0.6151,0.2062,0.1097,0.7948,0.7291,0.8832,0.7729
24W,M,Adipocytes_Brown,7209,100,5,0.691 ± 0.091,0.759 ± 0.121,0.6912,0.0912,0.7593,0.1209,0.6235,0.6771,0.7312,0.8133,0.7189,0.7916,0.8059,0.9116,0.5764,0.6027
24W,M,SMCs,47,100,5,0.643 ± 0.281,0.569 ± 0.334,0.6431,0.2814,0.5685,0.3342,0.8978,0.8318,0.9039,0.8873,0.2522,0.2468,0.6886,0.7013,0.4728,0.1753
24W,M,Dendritic_Cells,21,100,5,0.605 ± 0.024,0.491 ± 0.029,0.6049,0.0243,0.4913,0.0285,0.5961,0.4767,0.5741,0.4539,0.6197,0.5061,0.597,0.4911,0.6375,0.5289
24W,M,B_Cells_Naive,59,100,5,0.531 ± 0.038,0.480 ± 0.061,0.5315,0.0376,0.4797,0.0608,0.4913,0.3725,0.5778,0.4959,0.5623,0.4971,0.5247,0.52,0.5014,0.5128
24W,M,Neuronal_Cells,8,100,5,0.523 ± 0.156,0.514 ± 0.217,0.5235,0.1564,0.5141,0.2175,0.6103,0.598,0.3409,0.2588,0.3779,0.3157,0.587,0.6304,0.7016,0.7674
24W,M,Monocytes,2,0,5,0.381 ± 0.015,,0.3812,0.0155,,,0.3935,,0.3976,,0.3695,,0.3838,,0.3614,
24W,M,Neutrophils,13,100,5,0.347 ± 0.066,0.180 ± 0.040,0.3469,0.0661,0.1801,0.0396,0.3049,0.1871,0.4006,0.1604,0.4312,0.2245,0.2756,0.1233,0.322,0.2051
24W,F,Fibroblasts_Bmper+_Nrxn1+,310,100,5,0.963 ± 0.002,0.950 ± 0.004,0.9626,0.0017,0.9499,0.0037,0.9632,0.9526,0.9615,0.9509,0.965,0.9525,0.9607,0.9435,0.9624,0.9499
24W,F,Adipocytes_2,138,100,5,0.959 ± 0.009,0.949 ± 0.020,0.9588,0.0094,0.9488,0.02,0.9426,0.9131,0.9631,0.9555,0.9654,0.9598,0.9641,0.9585,0.9587,0.9573
24W,F,ECs_Cap,966,100,5,0.959 ± 0.021,0.954 ± 0.020,0.9586,0.021,0.9539,0.0197,0.9724,0.9649,0.9756,0.9634,0.9343,0.9338,0.9737,0.9752,0.9371,0.932
24W,F,Fibroblasts_Pi16+,155,100,5,0.938 ± 0.005,0.926 ± 0.021,0.9382,0.0048,0.9265,0.0212,0.9369,0.9359,0.9317,0.8915,0.9419,0.9383,0.9367,0.9222,0.944,0.9445
24W,F,ECs_Lymph,79,100,5,0.925 ± 0.015,0.835 ± 0.055,0.9248,0.0148,0.8353,0.0553,0.9359,0.86,0.9165,0.818,0.9027,0.7523,0.932,0.8446,0.937,0.9014
24W,F,ECs_Venous_Fbn1+,97,100,5,0.921 ± 0.029,0.892 ± 0.057,0.921,0.0286,0.8921,0.0573,0.8733,0.7981,0.941,0.9338,0.9235,0.8821,0.9453,0.9396,0.922,0.9068
24W,F,Adipocytes_3,117,100,5,0.919 ± 0.010,0.902 ± 0.018,0.9195,0.0098,0.902,0.0179,0.9276,0.9017,0.93,0.9321,0.9056,0.8985,0.9182,0.8918,0.9163,0.8859
24W,F,ECs_Venous,135,100,5,0.919 ± 0.009,0.882 ± 0.022,0.919,0.009,0.882,0.0219,0.9182,0.8774,0.9047,0.8456,0.9191,0.8959,0.9248,0.8933,0.9283,0.8979
24W,F,ECs_Artery,319,100,5,0.911 ± 0.047,0.827 ± 0.106,0.9114,0.0471,0.8274,0.1058,0.9514,0.9313,0.9233,0.9049,0.9487,0.8707,0.8967,0.7356,0.837,0.6944
24W,F,Adipocytes_Brown,5161,100,5,0.909 ± 0.014,0.963 ± 0.006,0.9095,0.0138,0.9627,0.0065,0.9003,0.9582,0.9044,0.9548,0.9336,0.9685,0.9081,0.9701,0.9011,0.9621
24W,F,Fibroblasts_Bmper+,150,100,5,0.907 ± 0.137,0.861 ± 0.217,0.9073,0.1368,0.8612,0.2174,0.9716,0.9583,0.9653,0.9527,0.9683,0.9608,0.9686,0.9619,0.6627,0.4723
24W,F,ECs_Lymph_Piezo2+,96,100,5,0.897 ± 0.021,0.856 ± 0.055,0.897,0.0215,0.856,0.055,0.8894,0.8414,0.9053,0.8602,0.9189,0.9036,0.8634,0.7707,0.908,0.9043
24W,F,Fibroblasts_Pi16++,105,100,5,0.895 ± 0.032,0.870 ± 0.039,0.8948,0.032,0.8696,0.0393,0.9138,0.895,0.9032,0.8908,0.9063,0.8701,0.9128,0.8905,0.8381,0.8015
24W,F,Macrophages_M2,69,100,5,0.886 ± 0.007,0.876 ± 0.037,0.886,0.0075,0.8764,0.0372,0.8891,0.8893,0.8844,0.8927,0.8793,0.8503,0.8974,0.922,0.8796,0.8279
24W,F,Macrophages_M2_F13a1+,65,100,5,0.878 ± 0.018,0.913 ± 0.021,0.8779,0.0185,0.9133,0.0214,0.8761,0.9282,0.8906,0.9267,0.8935,0.8874,0.8822,0.9317,0.8471,0.8926
24W,F,Pericytes,281,100,5,0.875 ± 0.051,0.850 ± 0.091,0.8748,0.0509,0.8497,0.0911,0.8024,0.7053,0.9443,0.9407,0.8878,0.8513,0.8642,0.8386,0.8751,0.9124
24W,F,SMCs,31,100,5,0.834 ± 0.081,0.888 ± 0.059,0.8343,0.0814,0.888,0.0595,0.8291,0.8767,0.709,0.8034,0.888,0.9403,0.9224,0.9497,0.8229,0.8697
24W,F,Mesothelial_Cells,112,100,5,0.796 ± 0.072,0.659 ± 0.153,0.7965,0.0723,0.6594,0.1529,0.785,0.7001,0.8876,0.7723,0.7157,0.5121,0.8515,0.8257,0.7426,0.4868
24W,F,T_Cells,32,100,5,0.629 ± 0.037,0.594 ± 0.054,0.6287,0.0372,0.5943,0.0536,0.6436,0.5921,0.6422,0.6432,0.5632,0.5044,0.6562,0.6228,0.6383,0.6089
24W,F,NK_Cells,14,100,5,0.527 ± 0.013,0.263 ± 0.036,0.527,0.0126,0.2625,0.0365,0.5351,0.3054,0.5275,0.2571,0.5432,0.2927,0.5137,0.2399,0.5155,0.2175
24W,F,Dendritic_Cells,13,100,5,0.526 ± 0.017,0.501 ± 0.023,0.5263,0.0171,0.5011,0.0231,0.5395,0.4773,0.5347,0.526,0.5211,0.5232,0.5377,0.4993,0.4985,0.4798
24W,F,Macrophages_M1_Cd80+,13,100,5,0.509 ± 0.027,0.413 ± 0.044,0.5091,0.0273,0.4135,0.0438,0.544,0.4739,0.4748,0.351,0.5138,0.4206,0.4898,0.4058,0.5233,0.4163
24W,F,T_Regs,5,100,5,0.508 ± 0.027,0.490 ± 0.039,0.5085,0.027,0.4905,0.0393,0.5264,0.5439,0.5451,0.5155,0.4831,0.4613,0.4845,0.4479,0.5033,0.484
24W,F,B_Cells_Naive,11,100,5,0.403 ± 0.010,0.371 ± 0.025,0.4028,0.0102,0.3708,0.0246,0.4083,0.4124,0.4075,0.3508,0.3867,0.361,0.4122,0.373,0.3992,0.357
24W,F,Neutrophils,5,100,5,0.278 ± 0.059,0.146 ± 0.066,0.2783,0.0592,0.1465,0.066,0.2011,0.0784,0.3593,0.2469,0.2658,0.1275,0.2568,0.1061,0.3083,0.1734
24W,F,Neuronal_Cells,23,100,5,0.273 ± 0.039,0.114 ± 0.049,0.2732,0.0393,0.1143,0.0486,0.2173,0.1057,0.3187,0.1717,0.2593,0.0521,0.3008,0.1537,0.2697,0.0885
24W,Both,Fibroblasts_Bmper+,327,100,5,0.981 ± 0.004,0.983 ± 0.005,0.9812,0.0038,0.9832,0.0047,0.9824,0.9863,0.9841,0.984,0.9841,0.9881,0.9751,0.9759,0.9801,0.9819
24W,Both,ECs_Cap,2480,100,5,0.977 ± 0.009,0.961 ± 0.025,0.9772,0.009,0.9611,0.0246,0.9826,0.9792,0.9624,0.918,0.9845,0.9684,0.9816,0.9739,0.975,0.9662
24W,Both,ECs_Venous_Fbn1+,240,100,5,0.972 ± 0.004,0.970 ± 0.009,0.9719,0.004,0.9702,0.0087,0.9649,0.9561,0.9741,0.9716,0.9743,0.9796,0.9741,0.9734,0.9723,0.9701
24W,Both,Fibroblasts_Bmper+_Nrxn1+,738,100,5,0.971 ± 0.006,0.942 ± 0.020,0.971,0.0061,0.9415,0.02,0.9723,0.9472,0.9738,0.9353,0.9607,0.9134,0.9718,0.9431,0.9766,0.9687
24W,Both,ECs_Venous,284,100,5,0.967 ± 0.008,0.944 ± 0.024,0.9665,0.0076,0.9436,0.0239,0.956,0.9511,0.9615,0.9031,0.9712,0.9472,0.9746,0.9667,0.9693,0.95
24W,Both,Adipocytes_3,1403,100,5,0.965 ± 0.004,0.964 ± 0.005,0.9651,0.0036,0.9636,0.0055,0.9642,0.9724,0.9641,0.9589,0.96,0.9601,0.9683,0.9654,0.9689,0.9613
24W,Both,ECs_Lymph,137,100,5,0.961 ± 0.003,0.940 ± 0.009,0.9606,0.0028,0.9402,0.0095,0.9591,0.9281,0.9646,0.9352,0.9615,0.9499,0.9608,0.9497,0.957,0.9381
24W,Both,Fibroblasts_Pi16++,245,100,5,0.960 ± 0.007,0.962 ± 0.020,0.9596,0.007,0.9616,0.0202,0.9498,0.9259,0.961,0.9742,0.9654,0.968,0.9665,0.9675,0.9555,0.9726
24W,Both,Fibroblasts_Pi16+,340,100,5,0.959 ± 0.004,0.950 ± 0.013,0.9593,0.0043,0.9499,0.013,0.9611,0.9582,0.9596,0.9558,0.9551,0.9269,0.9655,0.9544,0.9553,0.9543
24W,Both,Pericytes,665,100,5,0.945 ± 0.055,0.923 ± 0.089,0.9445,0.0552,0.9232,0.0892,0.8469,0.7682,0.9778,0.9781,0.9763,0.9807,0.9625,0.9275,0.9592,0.9617
24W,Both,ECs_Lymph_Piezo2+,169,100,5,0.944 ± 0.020,0.937 ± 0.037,0.9443,0.0198,0.9367,0.0368,0.9627,0.9704,0.9308,0.9261,0.9545,0.9493,0.9164,0.8779,0.9573,0.9599
24W,Both,ECs_Artery,790,100,5,0.941 ± 0.027,0.841 ± 0.065,0.9406,0.0269,0.8405,0.0654,0.9231,0.7997,0.9708,0.8938,0.9173,0.7564,0.9228,0.838,0.9691,0.9147
24W,Both,Macrophages_M2,191,100,5,0.940 ± 0.014,0.905 ± 0.028,0.9402,0.0143,0.9054,0.0282,0.9518,0.9306,0.9407,0.8969,0.9393,0.9019,0.9171,0.8643,0.9523,0.9332
24W,Both,Adipocytes_2,567,100,5,0.939 ± 0.019,0.946 ± 0.019,0.939,0.0194,0.946,0.0186,0.906,0.9213,0.9425,0.94,0.9533,0.971,0.9529,0.9558,0.9404,0.9421
24W,Both,SMCs,78,100,5,0.935 ± 0.013,0.968 ± 0.013,0.9355,0.0134,0.9676,0.0133,0.9379,0.9717,0.9315,0.9687,0.9144,0.9446,0.9466,0.9764,0.9469,0.9768
24W,Both,Macrophages_M2_F13a1+,163,100,5,0.928 ± 0.020,0.921 ± 0.046,0.928,0.0203,0.9211,0.046,0.941,0.9569,0.9271,0.9213,0.9548,0.9753,0.9104,0.8864,0.9067,0.8658
24W,Both,Mesothelial_Cells,264,100,5,0.919 ± 0.018,0.844 ± 0.046,0.9186,0.018,0.8443,0.0462,0.8995,0.8384,0.9122,0.8218,0.9404,0.9075,0.9063,0.7858,0.9347,0.8682
24W,Both,T_Cells,93,100,5,0.918 ± 0.007,0.893 ± 0.013,0.9184,0.0068,0.8933,0.0135,0.9149,0.8937,0.9169,0.8726,0.9096,0.89,0.9252,0.9021,0.9253,0.908
24W,Both,NK_Cells,80,100,5,0.896 ± 0.020,0.896 ± 0.034,0.8956,0.0204,0.8963,0.0337,0.9114,0.929,0.8933,0.8981,0.9193,0.9212,0.8857,0.89,0.8682,0.8433
24W,Both,Adipocytes_Brown,12370,100,5,0.874 ± 0.016,0.911 ± 0.040,0.8736,0.0157,0.9111,0.0401,0.8937,0.9429,0.8568,0.8597,0.8839,0.9596,0.874,0.8939,0.8596,0.8994
24W,Both,Macrophages_M1_Cd80+,59,100,5,0.823 ± 0.011,0.793 ± 0.024,0.8225,0.0111,0.7932,0.0242,0.8307,0.7768,0.8054,0.7878,0.8265,0.8039,0.8177,0.7682,0.8322,0.8293
24W,Both,T_Regs,15,100,5,0.801 ± 0.003,0.806 ± 0.009,0.8013,0.003,0.8057,0.0085,0.8042,0.8151,0.8029,0.803,0.8032,0.8081,0.7971,0.7926,0.7991,0.8097
24W,Both,Dendritic_Cells,34,100,5,0.674 ± 0.023,0.538 ± 0.022,0.6744,0.0233,0.5385,0.0217,0.6599,0.53,0.6443,0.5056,0.7043,0.558,0.6867,0.542,0.6766,0.5568
24W,Both,Neuronal_Cells,31,100,5,0.656 ± 0.092,0.297 ± 0.183,0.6564,0.0925,0.297,0.1831,0.6561,0.195,0.7426,0.5711,0.6742,0.3248,0.5019,0.079,0.7071,0.3149
24W,Both,B_Cells_Naive,70,100,5,0.619 ± 0.061,0.642 ± 0.070,0.6189,0.0612,0.6423,0.0702,0.5173,0.5375,0.6104,0.6216,0.6367,0.6647,0.6672,0.6582,0.6629,0.7293
24W,Both,Neutrophils,18,100,5,0.456 ± 0.038,0.234 ± 0.061,0.456,0.0376,0.2341,0.0608,0.4629,0.2218,0.5075,0.3226,0.4095,0.1753,0.4691,0.2655,0.4312,0.1855
24W,Both,Monocytes,3,0,5,0.439 ± 0.015,,0.4389,0.0154,,,0.4441,,0.4454,,0.4142,,0.455,,0.4357,
