age,sex_subset,target,control_count,treated_count,eligible,reason
24W,M,Adipocytes_2,201,429,True,ok
24W,M,Adipocytes_3,646,1286,True,ok
24W,M,Adipocytes_Brown,6653,7209,True,ok
24W,M,B_Cells_Naive,20,59,True,ok
24W,M,Dendritic_Cells,13,21,True,ok
24W,M,ECs_Artery,530,471,True,ok
24W,M,ECs_Cap,1571,1514,True,ok
24W,M,ECs_Lymph,43,58,True,ok
24W,M,ECs_Lymph_Piezo2+,47,73,True,ok
24W,M,ECs_Venous,137,149,True,ok
24W,M,ECs_Venous_Fbn1+,91,143,True,ok
24W,M,Fibroblasts_Bmper+,88,177,True,ok
24W,M,Fibroblasts_Bmper+_Nrxn1+,404,428,True,ok
24W,M,Fibroblasts_Pi16+,95,185,True,ok
24W,M,Fibroblasts_Pi16++,73,140,True,ok
24W,M,Macrophages_M1_Cd80+,35,46,True,ok
24W,M,Macrophages_M2,82,122,True,ok
24W,M,Macrophages_M2_F13a1+,73,98,True,ok
24W,M,Mesothelial_Cells,125,152,True,ok
24W,M,Monocytes,1,2,True,ok
24W,M,NK_Cells,37,66,True,ok
24W,M,Neuronal_Cells,19,8,True,ok
24W,M,Neutrophils,4,13,True,ok
24W,M,Pericytes,376,384,True,ok
24W,M,SMCs,31,47,True,ok
24W,M,T_Cells,36,61,True,ok
24W,M,T_Regs,7,10,True,ok
24W,F,Adipocytes_2,91,138,True,ok
24W,F,Adipocytes_3,113,117,True,ok
24W,F,Adipocytes_Brown,4183,5161,True,ok
24W,F,B_Cells_Naive,4,11,True,ok
24W,F,Dendritic_Cells,10,13,True,ok
24W,F,ECs_Artery,407,319,True,ok
24W,F,ECs_Cap,1043,966,True,ok
24W,F,ECs_Lymph,70,79,True,ok
24W,F,ECs_Lymph_Piezo2+,73,96,True,ok
24W,F,ECs_Venous,103,135,True,ok
24W,F,ECs_Venous_Fbn1+,80,97,True,ok
24W,F,Fibroblasts_Bmper+,119,150,True,ok
24W,F,Fibroblasts_Bmper+_Nrxn1+,432,310,True,ok
24W,F,Fibroblasts_Pi16+,123,155,True,ok
24W,F,Fibroblasts_Pi16++,61,105,True,ok
24W,F,Macrophages_M1_Cd80+,10,13,True,ok
24W,F,Macrophages_M2,71,69,True,ok
24W,F,Macrophages_M2_F13a1+,77,65,True,ok
24W,F,Mesothelial_Cells,56,112,True,ok
24W,F,Monocytes,0,1,False,0 Control cells (perturbation undefined)
24W,F,NK_Cells,11,14,True,ok
24W,F,Neuronal_Cells,11,23,True,ok
24W,F,Neutrophils,6,5,True,ok
24W,F,Pericytes,273,281,True,ok
24W,F,SMCs,43,31,True,ok
24W,F,T_Cells,31,32,True,ok
24W,F,T_Regs,5,5,True,ok
24W,Both,Adipocytes_2,292,567,True,ok
24W,Both,Adipocytes_3,759,1403,True,ok
24W,Both,Adipocytes_Brown,10836,12370,True,ok
24W,Both,B_Cells_Naive,24,70,True,ok
24W,Both,Dendritic_Cells,23,34,True,ok
24W,Both,ECs_Artery,937,790,True,ok
24W,Both,ECs_Cap,2614,2480,True,ok
24W,Both,ECs_Lymph,113,137,True,ok
24W,Both,ECs_Lymph_Piezo2+,120,169,True,ok
24W,Both,ECs_Venous,240,284,True,ok
24W,Both,ECs_Venous_Fbn1+,171,240,True,ok
24W,Both,Fibroblasts_Bmper+,207,327,True,ok
24W,Both,Fibroblasts_Bmper+_Nrxn1+,836,738,True,ok
24W,Both,Fibroblasts_Pi16+,218,340,True,ok
24W,Both,Fibroblasts_Pi16++,134,245,True,ok
24W,Both,Macrophages_M1_Cd80+,45,59,True,ok
24W,Both,Macrophages_M2,153,191,True,ok
24W,Both,Macrophages_M2_F13a1+,150,163,True,ok
24W,Both,Mesothelial_Cells,181,264,True,ok
24W,Both,Monocytes,1,3,True,ok
24W,Both,NK_Cells,48,80,True,ok
24W,Both,Neuronal_Cells,30,31,True,ok
24W,Both,Neutrophils,10,18,True,ok
24W,Both,Pericytes,649,665,True,ok
24W,Both,SMCs,74,78,True,ok
24W,Both,T_Cells,67,93,True,ok
24W,Both,T_Regs,12,15,True,ok
8W,M,Adipocytes_2,299,324,True,ok
8W,M,Adipocytes_3,309,242,True,ok
8W,M,Adipocytes_Brown,2939,5863,True,ok
8W,M,B_Cells_Naive,39,62,True,ok
8W,M,Dendritic_Cells,4,14,True,ok
8W,M,ECs_Artery,123,152,True,ok
8W,M,ECs_Cap,233,404,True,ok
8W,M,ECs_Lymph,65,98,True,ok
8W,M,ECs_Lymph_Piezo2+,83,81,True,ok
8W,M,ECs_Venous,26,31,True,ok
8W,M,ECs_Venous_Fbn1+,57,107,True,ok
8W,M,Fibroblasts_Bmper+,103,199,True,ok
8W,M,Fibroblasts_Bmper+_Nrxn1+,473,510,True,ok
8W,M,Fibroblasts_Pi16+,143,208,True,ok
8W,M,Fibroblasts_Pi16++,69,160,True,ok
8W,M,Macrophages_M1_Cd80+,61,95,True,ok
8W,M,Macrophages_M2,89,94,True,ok
8W,M,Macrophages_M2_F13a1+,47,73,True,ok
8W,M,Mesothelial_Cells,212,193,True,ok
8W,M,Monocytes,4,4,True,ok
8W,M,NK_Cells,33,25,True,ok
8W,M,Neuronal_Cells,4,22,True,ok
8W,M,Neutrophils,44,60,True,ok
8W,M,Pericytes,288,426,True,ok
8W,M,SMCs,3,8,True,ok
8W,M,T_Cells,72,101,True,ok
8W,M,T_Regs,13,14,True,ok
8W,F,Adipocytes_2,155,156,True,ok
8W,F,Adipocytes_3,178,161,True,ok
8W,F,Adipocytes_Brown,3456,5758,True,ok
8W,F,B_Cells_Naive,22,47,True,ok
8W,F,Dendritic_Cells,11,18,True,ok
8W,F,ECs_Artery,155,147,True,ok
8W,F,ECs_Cap,402,541,True,ok
8W,F,ECs_Lymph,37,51,True,ok
8W,F,ECs_Lymph_Piezo2+,41,89,True,ok
8W,F,ECs_Venous,38,44,True,ok
8W,F,ECs_Venous_Fbn1+,35,94,True,ok
8W,F,Fibroblasts_Bmper+,101,163,True,ok
8W,F,Fibroblasts_Bmper+_Nrxn1+,496,469,True,ok
8W,F,Fibroblasts_Pi16+,132,215,True,ok
8W,F,Fibroblasts_Pi16++,69,129,True,ok
8W,F,Macrophages_M1_Cd80+,30,34,True,ok
8W,F,Macrophages_M2,179,73,True,ok
8W,F,Macrophages_M2_F13a1+,87,100,True,ok
8W,F,Mesothelial_Cells,321,375,True,ok
8W,F,Monocytes,2,1,True,ok
8W,F,NK_Cells,32,28,True,ok
8W,F,Neuronal_Cells,14,7,True,ok
8W,F,Neutrophils,8,18,True,ok
8W,F,Pericytes,180,211,True,ok
8W,F,SMCs,11,11,True,ok
8W,F,T_Cells,84,153,True,ok
8W,F,T_Regs,12,27,True,ok
8W,Both,Adipocytes_2,454,480,True,ok
8W,Both,Adipocytes_3,487,403,True,ok
8W,Both,Adipocytes_Brown,6395,11621,True,ok
8W,Both,B_Cells_Naive,61,109,True,ok
8W,Both,Dendritic_Cells,15,32,True,ok
8W,Both,ECs_Artery,278,299,True,ok
8W,Both,ECs_Cap,635,945,True,ok
8W,Both,ECs_Lymph,102,149,True,ok
8W,Both,ECs_Lymph_Piezo2+,124,170,True,ok
8W,Both,ECs_Venous,64,75,True,ok
8W,Both,ECs_Venous_Fbn1+,92,201,True,ok
8W,Both,Fibroblasts_Bmper+,204,362,True,ok
8W,Both,Fibroblasts_Bmper+_Nrxn1+,969,979,True,ok
8W,Both,Fibroblasts_Pi16+,275,423,True,ok
8W,Both,Fibroblasts_Pi16++,138,289,True,ok
8W,Both,Macrophages_M1_Cd80+,91,129,True,ok
8W,Both,Macrophages_M2,268,167,True,ok
8W,Both,Macrophages_M2_F13a1+,134,173,True,ok
8W,Both,Mesothelial_Cells,533,568,True,ok
8W,Both,Monocytes,6,5,True,ok
8W,Both,NK_Cells,65,53,True,ok
8W,Both,Neuronal_Cells,18,29,True,ok
8W,Both,Neutrophils,52,78,True,ok
8W,Both,Pericytes,468,637,True,ok
8W,Both,SMCs,14,19,True,ok
8W,Both,T_Cells,156,254,True,ok
8W,Both,T_Regs,25,41,True,ok
